INTERVAL;M_DATE;PRICE_ZONE_ID;POWER_SYS_ID;E_USE_FACT
0;28.09.2020 0:00:00;2;610000;21178
1;28.09.2020 0:00:00;2;610000;21904
2;28.09.2020 0:00:00;2;610000;22826
3;28.09.2020 0:00:00;2;610000;23588
4;28.09.2020 0:00:00;2;610000;24073
5;28.09.2020 0:00:00;2;610000;24199
6;28.09.2020 0:00:00;2;610000;24105
7;28.09.2020 0:00:00;2;610000;24127
8;28.09.2020 0:00:00;2;610000;23782
9;28.09.2020 0:00:00;2;610000;23842
10;28.09.2020 0:00:00;2;610000;23781
11;28.09.2020 0:00:00;2;610000;23712
12;28.09.2020 0:00:00;2;610000;23415
13;28.09.2020 0:00:00;2;610000;23826
14;28.09.2020 0:00:00;2;610000;24022
15;28.09.2020 0:00:00;2;610000;24494
16;28.09.2020 0:00:00;2;610000;24201
17;28.09.2020 0:00:00;2;610000;23723
18;28.09.2020 0:00:00;2;610000;22872
19;28.09.2020 0:00:00;2;610000;21999
20;28.09.2020 0:00:00;2;610000;21656
21;28.09.2020 0:00:00;2;610000;21187
22;28.09.2020 0:00:00;2;610000;20975
23;28.09.2020 0:00:00;2;610000;21231
0;29.09.2020 0:00:00;2;610000;21524
1;29.09.2020 0:00:00;2;610000;22228
2;29.09.2020 0:00:00;2;610000;23216
3;29.09.2020 0:00:00;2;610000;23331
4;29.09.2020 0:00:00;2;610000;24136
5;29.09.2020 0:00:00;2;610000;24587
6;29.09.2020 0:00:00;2;610000;24515
7;29.09.2020 0:00:00;2;610000;24326
8;29.09.2020 0:00:00;2;610000;24211
9;29.09.2020 0:00:00;2;610000;24227
10;29.09.2020 0:00:00;2;610000;24170
11;29.09.2020 0:00:00;2;610000;24203
12;29.09.2020 0:00:00;2;610000;24049
13;29.09.2020 0:00:00;2;610000;24252
14;29.09.2020 0:00:00;2;610000;24427
15;29.09.2020 0:00:00;2;610000;24644
16;29.09.2020 0:00:00;2;610000;24372
17;29.09.2020 0:00:00;2;610000;23887
18;29.09.2020 0:00:00;2;610000;23081
19;29.09.2020 0:00:00;2;610000;22309
20;29.09.2020 0:00:00;2;610000;21730
21;29.09.2020 0:00:00;2;610000;21587
22;29.09.2020 0:00:00;2;610000;21482
23;29.09.2020 0:00:00;2;610000;21336
0;30.09.2020 0:00:00;2;610000;21740
1;30.09.2020 0:00:00;2;610000;22179
2;30.09.2020 0:00:00;2;610000;22997
3;30.09.2020 0:00:00;2;610000;23561
4;30.09.2020 0:00:00;2;610000;24334
5;30.09.2020 0:00:00;2;610000;24540
6;30.09.2020 0:00:00;2;610000;24258
7;30.09.2020 0:00:00;2;610000;24195
8;30.09.2020 0:00:00;2;610000;23951
9;30.09.2020 0:00:00;2;610000;24000
10;30.09.2020 0:00:00;2;610000;23990
11;30.09.2020 0:00:00;2;610000;23868
12;30.09.2020 0:00:00;2;610000;24126
13;30.09.2020 0:00:00;2;610000;24398
14;30.09.2020 0:00:00;2;610000;24731
15;30.09.2020 0:00:00;2;610000;24730
16;30.09.2020 0:00:00;2;610000;24556
17;30.09.2020 0:00:00;2;610000;23967
18;30.09.2020 0:00:00;2;610000;23001
19;30.09.2020 0:00:00;2;610000;22391
20;30.09.2020 0:00:00;2;610000;21853
21;30.09.2020 0:00:00;2;610000;21822
22;30.09.2020 0:00:00;2;610000;21524
23;30.09.2020 0:00:00;2;610000;21512
0;01.10.2020 0:00:00;2;610000;21948
1;01.10.2020 0:00:00;2;610000;22577
2;01.10.2020 0:00:00;2;610000;23265
3;01.10.2020 0:00:00;2;610000;23640
4;01.10.2020 0:00:00;2;610000;24322
5;01.10.2020 0:00:00;2;610000;24531
6;01.10.2020 0:00:00;2;610000;24461
7;01.10.2020 0:00:00;2;610000;24337
8;01.10.2020 0:00:00;2;610000;24350
9;01.10.2020 0:00:00;2;610000;24369
10;01.10.2020 0:00:00;2;610000;24210
11;01.10.2020 0:00:00;2;610000;24129
12;01.10.2020 0:00:00;2;610000;24112
13;01.10.2020 0:00:00;2;610000;24632
14;01.10.2020 0:00:00;2;610000;24884
15;01.10.2020 0:00:00;2;610000;24915
16;01.10.2020 0:00:00;2;610000;24505
17;01.10.2020 0:00:00;2;610000;23976
18;01.10.2020 0:00:00;2;610000;23213
19;01.10.2020 0:00:00;2;610000;22342
20;01.10.2020 0:00:00;2;610000;21953
21;01.10.2020 0:00:00;2;610000;21817
22;01.10.2020 0:00:00;2;610000;21750
23;01.10.2020 0:00:00;2;610000;21737
0;02.10.2020 0:00:00;2;610000;21771
1;02.10.2020 0:00:00;2;610000;22576
2;02.10.2020 0:00:00;2;610000;23495
3;02.10.2020 0:00:00;2;610000;23907
4;02.10.2020 0:00:00;2;610000;24303
5;02.10.2020 0:00:00;2;610000;24661
6;02.10.2020 0:00:00;2;610000;24600
7;02.10.2020 0:00:00;2;610000;24360
8;02.10.2020 0:00:00;2;610000;24594
9;02.10.2020 0:00:00;2;610000;24600
10;02.10.2020 0:00:00;2;610000;24335
11;02.10.2020 0:00:00;2;610000;24273
12;02.10.2020 0:00:00;2;610000;24336
13;02.10.2020 0:00:00;2;610000;24458
14;02.10.2020 0:00:00;2;610000;24664
15;02.10.2020 0:00:00;2;610000;24684
16;02.10.2020 0:00:00;2;610000;24463
17;02.10.2020 0:00:00;2;610000;24004
18;02.10.2020 0:00:00;2;610000;23319
19;02.10.2020 0:00:00;2;610000;22707
20;02.10.2020 0:00:00;2;610000;22242
21;02.10.2020 0:00:00;2;610000;22143
22;02.10.2020 0:00:00;2;610000;21846
23;02.10.2020 0:00:00;2;610000;21793
0;03.10.2020 0:00:00;2;610000;21821
1;03.10.2020 0:00:00;2;610000;22267
2;03.10.2020 0:00:00;2;610000;22666
3;03.10.2020 0:00:00;2;610000;23197
4;03.10.2020 0:00:00;2;610000;24062
5;03.10.2020 0:00:00;2;610000;24646
6;03.10.2020 0:00:00;2;610000;24425
7;03.10.2020 0:00:00;2;610000;24216
8;03.10.2020 0:00:00;2;610000;24219
9;03.10.2020 0:00:00;2;610000;24078
10;03.10.2020 0:00:00;2;610000;23826
11;03.10.2020 0:00:00;2;610000;23907
12;03.10.2020 0:00:00;2;610000;24028
13;03.10.2020 0:00:00;2;610000;24362
14;03.10.2020 0:00:00;2;610000;24526
15;03.10.2020 0:00:00;2;610000;24571
16;03.10.2020 0:00:00;2;610000;24254
17;03.10.2020 0:00:00;2;610000;23858
18;03.10.2020 0:00:00;2;610000;23310
19;03.10.2020 0:00:00;2;610000;22617
20;03.10.2020 0:00:00;2;610000;22081
21;03.10.2020 0:00:00;2;610000;21849
22;03.10.2020 0:00:00;2;610000;21562
23;03.10.2020 0:00:00;2;610000;21764
0;04.10.2020 0:00:00;2;610000;21927
1;04.10.2020 0:00:00;2;610000;22021
2;04.10.2020 0:00:00;2;610000;22468
3;04.10.2020 0:00:00;2;610000;22863
4;04.10.2020 0:00:00;2;610000;23788
5;04.10.2020 0:00:00;2;610000;24130
6;04.10.2020 0:00:00;2;610000;24252
7;04.10.2020 0:00:00;2;610000;24001
8;04.10.2020 0:00:00;2;610000;24028
9;04.10.2020 0:00:00;2;610000;24050
10;04.10.2020 0:00:00;2;610000;23897
11;04.10.2020 0:00:00;2;610000;23887
12;04.10.2020 0:00:00;2;610000;24004
13;04.10.2020 0:00:00;2;610000;24480
14;04.10.2020 0:00:00;2;610000;24826
15;04.10.2020 0:00:00;2;610000;24710
16;04.10.2020 0:00:00;2;610000;24549
17;04.10.2020 0:00:00;2;610000;23983
18;04.10.2020 0:00:00;2;610000;23105
19;04.10.2020 0:00:00;2;610000;22588
20;04.10.2020 0:00:00;2;610000;22232
21;04.10.2020 0:00:00;2;610000;21897
22;04.10.2020 0:00:00;2;610000;21766
23;04.10.2020 0:00:00;2;610000;21791
0;05.10.2020 0:00:00;2;610000;21911
1;05.10.2020 0:00:00;2;610000;22511
2;05.10.2020 0:00:00;2;610000;23441
3;05.10.2020 0:00:00;2;610000;23903
4;05.10.2020 0:00:00;2;610000;24591
5;05.10.2020 0:00:00;2;610000;24885
6;05.10.2020 0:00:00;2;610000;24969
7;05.10.2020 0:00:00;2;610000;24580
8;05.10.2020 0:00:00;2;610000;24422
9;05.10.2020 0:00:00;2;610000;24457
10;05.10.2020 0:00:00;2;610000;24497
11;05.10.2020 0:00:00;2;610000;24326
12;05.10.2020 0:00:00;2;610000;24602
13;05.10.2020 0:00:00;2;610000;24882
14;05.10.2020 0:00:00;2;610000;24910
15;05.10.2020 0:00:00;2;610000;24899
16;05.10.2020 0:00:00;2;610000;24419
17;05.10.2020 0:00:00;2;610000;24076
18;05.10.2020 0:00:00;2;610000;23357
19;05.10.2020 0:00:00;2;610000;22599
20;05.10.2020 0:00:00;2;610000;22205
21;05.10.2020 0:00:00;2;610000;21944
22;05.10.2020 0:00:00;2;610000;21856
23;05.10.2020 0:00:00;2;610000;21750
0;06.10.2020 0:00:00;2;610000;21960
1;06.10.2020 0:00:00;2;610000;22620
2;06.10.2020 0:00:00;2;610000;23594
3;06.10.2020 0:00:00;2;610000;24050
4;06.10.2020 0:00:00;2;610000;24643
5;06.10.2020 0:00:00;2;610000;24878
6;06.10.2020 0:00:00;2;610000;24660
7;06.10.2020 0:00:00;2;610000;24614
8;06.10.2020 0:00:00;2;610000;24417
9;06.10.2020 0:00:00;2;610000;24558
10;06.10.2020 0:00:00;2;610000;24479
11;06.10.2020 0:00:00;2;610000;24445
12;06.10.2020 0:00:00;2;610000;24536
13;06.10.2020 0:00:00;2;610000;25034
14;06.10.2020 0:00:00;2;610000;25209
15;06.10.2020 0:00:00;2;610000;25079
16;06.10.2020 0:00:00;2;610000;24816
17;06.10.2020 0:00:00;2;610000;24304
18;06.10.2020 0:00:00;2;610000;23409
19;06.10.2020 0:00:00;2;610000;22876
20;06.10.2020 0:00:00;2;610000;22288
21;06.10.2020 0:00:00;2;610000;22170
22;06.10.2020 0:00:00;2;610000;21959
23;06.10.2020 0:00:00;2;610000;22158
0;07.10.2020 0:00:00;2;610000;21955
1;07.10.2020 0:00:00;2;610000;22913
2;07.10.2020 0:00:00;2;610000;23659
3;07.10.2020 0:00:00;2;610000;24146
4;07.10.2020 0:00:00;2;610000;24872
5;07.10.2020 0:00:00;2;610000;25124
6;07.10.2020 0:00:00;2;610000;24974
7;07.10.2020 0:00:00;2;610000;24818
8;07.10.2020 0:00:00;2;610000;25047
9;07.10.2020 0:00:00;2;610000;24913
10;07.10.2020 0:00:00;2;610000;24876
11;07.10.2020 0:00:00;2;610000;24815
12;07.10.2020 0:00:00;2;610000;24811
13;07.10.2020 0:00:00;2;610000;25218
14;07.10.2020 0:00:00;2;610000;25426
15;07.10.2020 0:00:00;2;610000;25140
16;07.10.2020 0:00:00;2;610000;24825
17;07.10.2020 0:00:00;2;610000;24125
18;07.10.2020 0:00:00;2;610000;23426
19;07.10.2020 0:00:00;2;610000;22784
20;07.10.2020 0:00:00;2;610000;22271
21;07.10.2020 0:00:00;2;610000;22125
22;07.10.2020 0:00:00;2;610000;22111
23;07.10.2020 0:00:00;2;610000;22142
0;08.10.2020 0:00:00;2;610000;22185
1;08.10.2020 0:00:00;2;610000;22783
2;08.10.2020 0:00:00;2;610000;23844
3;08.10.2020 0:00:00;2;610000;24413
4;08.10.2020 0:00:00;2;610000;24919
5;08.10.2020 0:00:00;2;610000;25047
6;08.10.2020 0:00:00;2;610000;25006
7;08.10.2020 0:00:00;2;610000;25055
8;08.10.2020 0:00:00;2;610000;25013
9;08.10.2020 0:00:00;2;610000;24902
10;08.10.2020 0:00:00;2;610000;25020
11;08.10.2020 0:00:00;2;610000;25032
12;08.10.2020 0:00:00;2;610000;24824
13;08.10.2020 0:00:00;2;610000;25234
14;08.10.2020 0:00:00;2;610000;25495
15;08.10.2020 0:00:00;2;610000;25140
16;08.10.2020 0:00:00;2;610000;24835
17;08.10.2020 0:00:00;2;610000;24377
18;08.10.2020 0:00:00;2;610000;23677
19;08.10.2020 0:00:00;2;610000;22824
20;08.10.2020 0:00:00;2;610000;22598
21;08.10.2020 0:00:00;2;610000;22133
22;08.10.2020 0:00:00;2;610000;22061
23;08.10.2020 0:00:00;2;610000;22306
0;09.10.2020 0:00:00;2;610000;22336
1;09.10.2020 0:00:00;2;610000;23124
2;09.10.2020 0:00:00;2;610000;24016
3;09.10.2020 0:00:00;2;610000;24406
4;09.10.2020 0:00:00;2;610000;25085
5;09.10.2020 0:00:00;2;610000;25264
6;09.10.2020 0:00:00;2;610000;25284
7;09.10.2020 0:00:00;2;610000;25128
8;09.10.2020 0:00:00;2;610000;25224
9;09.10.2020 0:00:00;2;610000;25029
10;09.10.2020 0:00:00;2;610000;25158
11;09.10.2020 0:00:00;2;610000;24853
12;09.10.2020 0:00:00;2;610000;25102
13;09.10.2020 0:00:00;2;610000;25396
14;09.10.2020 0:00:00;2;610000;25468
15;09.10.2020 0:00:00;2;610000;25159
16;09.10.2020 0:00:00;2;610000;25012
17;09.10.2020 0:00:00;2;610000;24450
18;09.10.2020 0:00:00;2;610000;23831
19;09.10.2020 0:00:00;2;610000;23028
20;09.10.2020 0:00:00;2;610000;22524
21;09.10.2020 0:00:00;2;610000;22370
22;09.10.2020 0:00:00;2;610000;22226
23;09.10.2020 0:00:00;2;610000;22309
0;10.10.2020 0:00:00;2;610000;22361
1;10.10.2020 0:00:00;2;610000;22552
2;10.10.2020 0:00:00;2;610000;23135
3;10.10.2020 0:00:00;2;610000;23705
4;10.10.2020 0:00:00;2;610000;24494
5;10.10.2020 0:00:00;2;610000;24913
6;10.10.2020 0:00:00;2;610000;25083
7;10.10.2020 0:00:00;2;610000;25152
8;10.10.2020 0:00:00;2;610000;24802
9;10.10.2020 0:00:00;2;610000;25048
10;10.10.2020 0:00:00;2;610000;24903
11;10.10.2020 0:00:00;2;610000;24876
12;10.10.2020 0:00:00;2;610000;24849
13;10.10.2020 0:00:00;2;610000;25358
14;10.10.2020 0:00:00;2;610000;25448
15;10.10.2020 0:00:00;2;610000;25134
16;10.10.2020 0:00:00;2;610000;24746
17;10.10.2020 0:00:00;2;610000;24484
18;10.10.2020 0:00:00;2;610000;23729
19;10.10.2020 0:00:00;2;610000;23125
20;10.10.2020 0:00:00;2;610000;22953
21;10.10.2020 0:00:00;2;610000;22609
22;10.10.2020 0:00:00;2;610000;22351
23;10.10.2020 0:00:00;2;610000;22235
0;11.10.2020 0:00:00;2;610000;22176
1;11.10.2020 0:00:00;2;610000;22606
2;11.10.2020 0:00:00;2;610000;22965
3;11.10.2020 0:00:00;2;610000;23257
4;11.10.2020 0:00:00;2;610000;24075
5;11.10.2020 0:00:00;2;610000;24575
6;11.10.2020 0:00:00;2;610000;24947
7;11.10.2020 0:00:00;2;610000;24987
8;11.10.2020 0:00:00;2;610000;24811
9;11.10.2020 0:00:00;2;610000;24921
10;11.10.2020 0:00:00;2;610000;24837
11;11.10.2020 0:00:00;2;610000;24699
12;11.10.2020 0:00:00;2;610000;24899
13;11.10.2020 0:00:00;2;610000;25523
14;11.10.2020 0:00:00;2;610000;25736
15;11.10.2020 0:00:00;2;610000;25354
16;11.10.2020 0:00:00;2;610000;25048
17;11.10.2020 0:00:00;2;610000;24497
18;11.10.2020 0:00:00;2;610000;23952
19;11.10.2020 0:00:00;2;610000;23085
20;11.10.2020 0:00:00;2;610000;22682
21;11.10.2020 0:00:00;2;610000;22644
22;11.10.2020 0:00:00;2;610000;22304
23;11.10.2020 0:00:00;2;610000;22441
0;12.10.2020 0:00:00;2;610000;22552
1;12.10.2020 0:00:00;2;610000;23265
2;12.10.2020 0:00:00;2;610000;24058
3;12.10.2020 0:00:00;2;610000;24614
4;12.10.2020 0:00:00;2;610000;25178
5;12.10.2020 0:00:00;2;610000;25713
6;12.10.2020 0:00:00;2;610000;25511
7;12.10.2020 0:00:00;2;610000;25342
8;12.10.2020 0:00:00;2;610000;25359
9;12.10.2020 0:00:00;2;610000;25238
10;12.10.2020 0:00:00;2;610000;25047
11;12.10.2020 0:00:00;2;610000;25078
12;12.10.2020 0:00:00;2;610000;25097
13;12.10.2020 0:00:00;2;610000;25607
14;12.10.2020 0:00:00;2;610000;25654
15;12.10.2020 0:00:00;2;610000;25431
16;12.10.2020 0:00:00;2;610000;25091
17;12.10.2020 0:00:00;2;610000;24510
18;12.10.2020 0:00:00;2;610000;23791
19;12.10.2020 0:00:00;2;610000;23155
20;12.10.2020 0:00:00;2;610000;22917
21;12.10.2020 0:00:00;2;610000;22590
22;12.10.2020 0:00:00;2;610000;22498
23;12.10.2020 0:00:00;2;610000;22489
0;13.10.2020 0:00:00;2;610000;22765
1;13.10.2020 0:00:00;2;610000;23326
2;13.10.2020 0:00:00;2;610000;24148
3;13.10.2020 0:00:00;2;610000;24593
4;13.10.2020 0:00:00;2;610000;25232
5;13.10.2020 0:00:00;2;610000;25312
6;13.10.2020 0:00:00;2;610000;25382
7;13.10.2020 0:00:00;2;610000;25264
8;13.10.2020 0:00:00;2;610000;25059
9;13.10.2020 0:00:00;2;610000;24885
10;13.10.2020 0:00:00;2;610000;24811
11;13.10.2020 0:00:00;2;610000;24920
12;13.10.2020 0:00:00;2;610000;25082
13;13.10.2020 0:00:00;2;610000;25426
14;13.10.2020 0:00:00;2;610000;25552
15;13.10.2020 0:00:00;2;610000;25230
16;13.10.2020 0:00:00;2;610000;25002
17;13.10.2020 0:00:00;2;610000;24658
18;13.10.2020 0:00:00;2;610000;23869
19;13.10.2020 0:00:00;2;610000;23023
20;13.10.2020 0:00:00;2;610000;22662
21;13.10.2020 0:00:00;2;610000;22354
22;13.10.2020 0:00:00;2;610000;22381
23;13.10.2020 0:00:00;2;610000;22197
0;14.10.2020 0:00:00;2;610000;22461
1;14.10.2020 0:00:00;2;610000;23083
2;14.10.2020 0:00:00;2;610000;23960
3;14.10.2020 0:00:00;2;610000;24433
4;14.10.2020 0:00:00;2;610000;25111
5;14.10.2020 0:00:00;2;610000;25163
6;14.10.2020 0:00:00;2;610000;25057
7;14.10.2020 0:00:00;2;610000;24867
8;14.10.2020 0:00:00;2;610000;25017
9;14.10.2020 0:00:00;2;610000;24744
10;14.10.2020 0:00:00;2;610000;24854
11;14.10.2020 0:00:00;2;610000;24757
12;14.10.2020 0:00:00;2;610000;25068
13;14.10.2020 0:00:00;2;610000;25339
14;14.10.2020 0:00:00;2;610000;25443
15;14.10.2020 0:00:00;2;610000;25129
16;14.10.2020 0:00:00;2;610000;25128
17;14.10.2020 0:00:00;2;610000;24557
18;14.10.2020 0:00:00;2;610000;23576
19;14.10.2020 0:00:00;2;610000;23157
20;14.10.2020 0:00:00;2;610000;22432
21;14.10.2020 0:00:00;2;610000;22337
22;14.10.2020 0:00:00;2;610000;22201
23;14.10.2020 0:00:00;2;610000;22331
0;15.10.2020 0:00:00;2;610000;22520
1;15.10.2020 0:00:00;2;610000;23091
2;15.10.2020 0:00:00;2;610000;23979
3;15.10.2020 0:00:00;2;610000;24212
4;15.10.2020 0:00:00;2;610000;24806
5;15.10.2020 0:00:00;2;610000;25123
6;15.10.2020 0:00:00;2;610000;25236
7;15.10.2020 0:00:00;2;610000;25130
8;15.10.2020 0:00:00;2;610000;24882
9;15.10.2020 0:00:00;2;610000;24869
10;15.10.2020 0:00:00;2;610000;24805
11;15.10.2020 0:00:00;2;610000;24912
12;15.10.2020 0:00:00;2;610000;24936
13;15.10.2020 0:00:00;2;610000;25370
14;15.10.2020 0:00:00;2;610000;25454
15;15.10.2020 0:00:00;2;610000;25147
16;15.10.2020 0:00:00;2;610000;24697
17;15.10.2020 0:00:00;2;610000;24436
18;15.10.2020 0:00:00;2;610000;23472
19;15.10.2020 0:00:00;2;610000;22916
20;15.10.2020 0:00:00;2;610000;22358
21;15.10.2020 0:00:00;2;610000;22197
22;15.10.2020 0:00:00;2;610000;22144
23;15.10.2020 0:00:00;2;610000;22203
0;16.10.2020 0:00:00;2;610000;22312
1;16.10.2020 0:00:00;2;610000;22928
2;16.10.2020 0:00:00;2;610000;23792
3;16.10.2020 0:00:00;2;610000;24299
4;16.10.2020 0:00:00;2;610000;25029
5;16.10.2020 0:00:00;2;610000;25317
6;16.10.2020 0:00:00;2;610000;25275
7;16.10.2020 0:00:00;2;610000;24852
8;16.10.2020 0:00:00;2;610000;24742
9;16.10.2020 0:00:00;2;610000;24951
10;16.10.2020 0:00:00;2;610000;24549
11;16.10.2020 0:00:00;2;610000;24658
12;16.10.2020 0:00:00;2;610000;24796
13;16.10.2020 0:00:00;2;610000;24927
14;16.10.2020 0:00:00;2;610000;25208
15;16.10.2020 0:00:00;2;610000;24965
16;16.10.2020 0:00:00;2;610000;24797
17;16.10.2020 0:00:00;2;610000;24435
18;16.10.2020 0:00:00;2;610000;23504
19;16.10.2020 0:00:00;2;610000;23038
20;16.10.2020 0:00:00;2;610000;22430
21;16.10.2020 0:00:00;2;610000;22496
22;16.10.2020 0:00:00;2;610000;22087
23;16.10.2020 0:00:00;2;610000;22064
0;17.10.2020 0:00:00;2;610000;22407
1;17.10.2020 0:00:00;2;610000;22780
2;17.10.2020 0:00:00;2;610000;23098
3;17.10.2020 0:00:00;2;610000;23589
4;17.10.2020 0:00:00;2;610000;24388
5;17.10.2020 0:00:00;2;610000;24413
6;17.10.2020 0:00:00;2;610000;24716
7;17.10.2020 0:00:00;2;610000;24476
8;17.10.2020 0:00:00;2;610000;24641
9;17.10.2020 0:00:00;2;610000;24438
10;17.10.2020 0:00:00;2;610000;24443
11;17.10.2020 0:00:00;2;610000;24443
12;17.10.2020 0:00:00;2;610000;24787
13;17.10.2020 0:00:00;2;610000;25072
14;17.10.2020 0:00:00;2;610000;25348
15;17.10.2020 0:00:00;2;610000;24882
16;17.10.2020 0:00:00;2;610000;24875
17;17.10.2020 0:00:00;2;610000;24230
18;17.10.2020 0:00:00;2;610000;23659
19;17.10.2020 0:00:00;2;610000;22752
20;17.10.2020 0:00:00;2;610000;22547
21;17.10.2020 0:00:00;2;610000;22173
22;17.10.2020 0:00:00;2;610000;22097
23;17.10.2020 0:00:00;2;610000;22081
0;18.10.2020 0:00:00;2;610000;22082
1;18.10.2020 0:00:00;2;610000;22416
2;18.10.2020 0:00:00;2;610000;22718
3;18.10.2020 0:00:00;2;610000;23130
4;18.10.2020 0:00:00;2;610000;23744
5;18.10.2020 0:00:00;2;610000;24384
6;18.10.2020 0:00:00;2;610000;24784
7;18.10.2020 0:00:00;2;610000;24495
8;18.10.2020 0:00:00;2;610000;24483
9;18.10.2020 0:00:00;2;610000;24280
10;18.10.2020 0:00:00;2;610000;24494
11;18.10.2020 0:00:00;2;610000;24412
12;18.10.2020 0:00:00;2;610000;24650
13;18.10.2020 0:00:00;2;610000;25030
14;18.10.2020 0:00:00;2;610000;25266
15;18.10.2020 0:00:00;2;610000;25128
16;18.10.2020 0:00:00;2;610000;24654
17;18.10.2020 0:00:00;2;610000;24212
18;18.10.2020 0:00:00;2;610000;23275
19;18.10.2020 0:00:00;2;610000;22746
20;18.10.2020 0:00:00;2;610000;22383
21;18.10.2020 0:00:00;2;610000;22262
22;18.10.2020 0:00:00;2;610000;22078
23;18.10.2020 0:00:00;2;610000;21975
0;19.10.2020 0:00:00;2;610000;22266
1;19.10.2020 0:00:00;2;610000;22959
2;19.10.2020 0:00:00;2;610000;23741
3;19.10.2020 0:00:00;2;610000;24470
4;19.10.2020 0:00:00;2;610000;25101
5;19.10.2020 0:00:00;2;610000;25627
6;19.10.2020 0:00:00;2;610000;25574
7;19.10.2020 0:00:00;2;610000;25324
8;19.10.2020 0:00:00;2;610000;25493
9;19.10.2020 0:00:00;2;610000;25445
10;19.10.2020 0:00:00;2;610000;25483
11;19.10.2020 0:00:00;2;610000;25120
12;19.10.2020 0:00:00;2;610000;25571
13;19.10.2020 0:00:00;2;610000;25825
14;19.10.2020 0:00:00;2;610000;26094
15;19.10.2020 0:00:00;2;610000;25639
16;19.10.2020 0:00:00;2;610000;25149
17;19.10.2020 0:00:00;2;610000;24809
18;19.10.2020 0:00:00;2;610000;23904
19;19.10.2020 0:00:00;2;610000;23171
20;19.10.2020 0:00:00;2;610000;22766
21;19.10.2020 0:00:00;2;610000;22403
22;19.10.2020 0:00:00;2;610000;22490
23;19.10.2020 0:00:00;2;610000;22274
0;20.10.2020 0:00:00;2;610000;22491
1;20.10.2020 0:00:00;2;610000;23429
2;20.10.2020 0:00:00;2;610000;24309
3;20.10.2020 0:00:00;2;610000;24760
4;20.10.2020 0:00:00;2;610000;25281
5;20.10.2020 0:00:00;2;610000;25487
6;20.10.2020 0:00:00;2;610000;25347
7;20.10.2020 0:00:00;2;610000;25166
8;20.10.2020 0:00:00;2;610000;25068
9;20.10.2020 0:00:00;2;610000;25233
10;20.10.2020 0:00:00;2;610000;25318
11;20.10.2020 0:00:00;2;610000;24980
12;20.10.2020 0:00:00;2;610000;25130
13;20.10.2020 0:00:00;2;610000;25774
14;20.10.2020 0:00:00;2;610000;25871
15;20.10.2020 0:00:00;2;610000;25438
16;20.10.2020 0:00:00;2;610000;25345
17;20.10.2020 0:00:00;2;610000;24733
18;20.10.2020 0:00:00;2;610000;23787
19;20.10.2020 0:00:00;2;610000;23089
20;20.10.2020 0:00:00;2;610000;22801
21;20.10.2020 0:00:00;2;610000;22404
22;20.10.2020 0:00:00;2;610000;22538
23;20.10.2020 0:00:00;2;610000;22415
0;21.10.2020 0:00:00;2;610000;22500
1;21.10.2020 0:00:00;2;610000;22951
2;21.10.2020 0:00:00;2;610000;24128
3;21.10.2020 0:00:00;2;610000;24684
4;21.10.2020 0:00:00;2;610000;25040
5;21.10.2020 0:00:00;2;610000;25325
6;21.10.2020 0:00:00;2;610000;25076
7;21.10.2020 0:00:00;2;610000;24911
8;21.10.2020 0:00:00;2;610000;24963
9;21.10.2020 0:00:00;2;610000;24755
10;21.10.2020 0:00:00;2;610000;24792
11;21.10.2020 0:00:00;2;610000;24658
12;21.10.2020 0:00:00;2;610000;24593
13;21.10.2020 0:00:00;2;610000;25021
14;21.10.2020 0:00:00;2;610000;25307
15;21.10.2020 0:00:00;2;610000;25071
16;21.10.2020 0:00:00;2;610000;24881
17;21.10.2020 0:00:00;2;610000;24333
18;21.10.2020 0:00:00;2;610000;23457
19;21.10.2020 0:00:00;2;610000;22800
20;21.10.2020 0:00:00;2;610000;22508
21;21.10.2020 0:00:00;2;610000;22275
22;21.10.2020 0:00:00;2;610000;22079
23;21.10.2020 0:00:00;2;610000;22049
0;22.10.2020 0:00:00;2;610000;22278
1;22.10.2020 0:00:00;2;610000;22865
2;22.10.2020 0:00:00;2;610000;23799
3;22.10.2020 0:00:00;2;610000;24467
4;22.10.2020 0:00:00;2;610000;25015
5;22.10.2020 0:00:00;2;610000;25099
6;22.10.2020 0:00:00;2;610000;24943
7;22.10.2020 0:00:00;2;610000;24756
8;22.10.2020 0:00:00;2;610000;24651
9;22.10.2020 0:00:00;2;610000;24704
10;22.10.2020 0:00:00;2;610000;24552
11;22.10.2020 0:00:00;2;610000;24423
12;22.10.2020 0:00:00;2;610000;25129
13;22.10.2020 0:00:00;2;610000;25365
14;22.10.2020 0:00:00;2;610000;25546
15;22.10.2020 0:00:00;2;610000;25135
16;22.10.2020 0:00:00;2;610000;24992
17;22.10.2020 0:00:00;2;610000;24507
18;22.10.2020 0:00:00;2;610000;23545
19;22.10.2020 0:00:00;2;610000;22796
20;22.10.2020 0:00:00;2;610000;22271
21;22.10.2020 0:00:00;2;610000;22102
22;22.10.2020 0:00:00;2;610000;22088
23;22.10.2020 0:00:00;2;610000;22231
0;23.10.2020 0:00:00;2;610000;22209
1;23.10.2020 0:00:00;2;610000;22845
2;23.10.2020 0:00:00;2;610000;23788
3;23.10.2020 0:00:00;2;610000;24407
4;23.10.2020 0:00:00;2;610000;24898
5;23.10.2020 0:00:00;2;610000;25133
6;23.10.2020 0:00:00;2;610000;25028
7;23.10.2020 0:00:00;2;610000;24916
8;23.10.2020 0:00:00;2;610000;24904
9;23.10.2020 0:00:00;2;610000;24986
10;23.10.2020 0:00:00;2;610000;24726
11;23.10.2020 0:00:00;2;610000;24748
12;23.10.2020 0:00:00;2;610000;25106
13;23.10.2020 0:00:00;2;610000;25403
14;23.10.2020 0:00:00;2;610000;25427
15;23.10.2020 0:00:00;2;610000;25168
16;23.10.2020 0:00:00;2;610000;25057
17;23.10.2020 0:00:00;2;610000;24580
18;23.10.2020 0:00:00;2;610000;23964
19;23.10.2020 0:00:00;2;610000;23095
20;23.10.2020 0:00:00;2;610000;22707
21;23.10.2020 0:00:00;2;610000;22458
22;23.10.2020 0:00:00;2;610000;22423
23;23.10.2020 0:00:00;2;610000;22647
0;24.10.2020 0:00:00;2;610000;22454
1;24.10.2020 0:00:00;2;610000;22879
2;24.10.2020 0:00:00;2;610000;23395
3;24.10.2020 0:00:00;2;610000;23926
4;24.10.2020 0:00:00;2;610000;24694
5;24.10.2020 0:00:00;2;610000;25185
6;24.10.2020 0:00:00;2;610000;25207
7;24.10.2020 0:00:00;2;610000;25144
8;24.10.2020 0:00:00;2;610000;25165
9;24.10.2020 0:00:00;2;610000;25154
10;24.10.2020 0:00:00;2;610000;25045
11;24.10.2020 0:00:00;2;610000;25101
12;24.10.2020 0:00:00;2;610000;25300
13;24.10.2020 0:00:00;2;610000;25644
14;24.10.2020 0:00:00;2;610000;25833
15;24.10.2020 0:00:00;2;610000;25404
16;24.10.2020 0:00:00;2;610000;25043
17;24.10.2020 0:00:00;2;610000;24633
18;24.10.2020 0:00:00;2;610000;23937
19;24.10.2020 0:00:00;2;610000;23419
20;24.10.2020 0:00:00;2;610000;22896
21;24.10.2020 0:00:00;2;610000;22772
22;24.10.2020 0:00:00;2;610000;22473
23;24.10.2020 0:00:00;2;610000;22411
0;25.10.2020 0:00:00;2;610000;22487
1;25.10.2020 0:00:00;2;610000;22934
2;25.10.2020 0:00:00;2;610000;23193
3;25.10.2020 0:00:00;2;610000;23725
4;25.10.2020 0:00:00;2;610000;24458
5;25.10.2020 0:00:00;2;610000;25090
6;25.10.2020 0:00:00;2;610000;25128
7;25.10.2020 0:00:00;2;610000;25335
8;25.10.2020 0:00:00;2;610000;25350
9;25.10.2020 0:00:00;2;610000;25414
10;25.10.2020 0:00:00;2;610000;25295
11;25.10.2020 0:00:00;2;610000;25415
12;25.10.2020 0:00:00;2;610000;25617
13;25.10.2020 0:00:00;2;610000;26077
14;25.10.2020 0:00:00;2;610000;26046
15;25.10.2020 0:00:00;2;610000;25773
16;25.10.2020 0:00:00;2;610000;25387
17;25.10.2020 0:00:00;2;610000;24915
18;25.10.2020 0:00:00;2;610000;24070
19;25.10.2020 0:00:00;2;610000;23479
20;25.10.2020 0:00:00;2;610000;23046
21;25.10.2020 0:00:00;2;610000;22845
22;25.10.2020 0:00:00;2;610000;22738
23;25.10.2020 0:00:00;2;610000;22651
0;26.10.2020 0:00:00;2;610000;22719
1;26.10.2020 0:00:00;2;610000;23332
2;26.10.2020 0:00:00;2;610000;24277
3;26.10.2020 0:00:00;2;610000;24934
4;26.10.2020 0:00:00;2;610000;25556
5;26.10.2020 0:00:00;2;610000;25993
6;26.10.2020 0:00:00;2;610000;25764
7;26.10.2020 0:00:00;2;610000;25763
8;26.10.2020 0:00:00;2;610000;25785
9;26.10.2020 0:00:00;2;610000;25753
10;26.10.2020 0:00:00;2;610000;25847
11;26.10.2020 0:00:00;2;610000;25628
12;26.10.2020 0:00:00;2;610000;25805
13;26.10.2020 0:00:00;2;610000;26346
14;26.10.2020 0:00:00;2;610000;26293
15;26.10.2020 0:00:00;2;610000;25743
16;26.10.2020 0:00:00;2;610000;25504
17;26.10.2020 0:00:00;2;610000;24950
18;26.10.2020 0:00:00;2;610000;24262
19;26.10.2020 0:00:00;2;610000;23359
20;26.10.2020 0:00:00;2;610000;23153
21;26.10.2020 0:00:00;2;610000;23092
22;26.10.2020 0:00:00;2;610000;22822
23;26.10.2020 0:00:00;2;610000;22864
0;27.10.2020 0:00:00;2;610000;23030
1;27.10.2020 0:00:00;2;610000;23693
2;27.10.2020 0:00:00;2;610000;24432
3;27.10.2020 0:00:00;2;610000;24742
4;27.10.2020 0:00:00;2;610000;25619
5;27.10.2020 0:00:00;2;610000;25990
6;27.10.2020 0:00:00;2;610000;25618
7;27.10.2020 0:00:00;2;610000;25485
8;27.10.2020 0:00:00;2;610000;25528
9;27.10.2020 0:00:00;2;610000;25432
10;27.10.2020 0:00:00;2;610000;24575
11;27.10.2020 0:00:00;2;610000;25291
12;27.10.2020 0:00:00;2;610000;25538
13;27.10.2020 0:00:00;2;610000;25923
14;27.10.2020 0:00:00;2;610000;25997
15;27.10.2020 0:00:00;2;610000;25579
16;27.10.2020 0:00:00;2;610000;25342
17;27.10.2020 0:00:00;2;610000;24831
18;27.10.2020 0:00:00;2;610000;24067
19;27.10.2020 0:00:00;2;610000;23303
20;27.10.2020 0:00:00;2;610000;22765
21;27.10.2020 0:00:00;2;610000;22647
22;27.10.2020 0:00:00;2;610000;22625
23;27.10.2020 0:00:00;2;610000;22584
0;28.10.2020 0:00:00;2;610000;22751
1;28.10.2020 0:00:00;2;610000;23333
2;28.10.2020 0:00:00;2;610000;23894
3;28.10.2020 0:00:00;2;610000;24574
4;28.10.2020 0:00:00;2;610000;25261
5;28.10.2020 0:00:00;2;610000;25543
6;28.10.2020 0:00:00;2;610000;25593
7;28.10.2020 0:00:00;2;610000;25510
8;28.10.2020 0:00:00;2;610000;25620
9;28.10.2020 0:00:00;2;610000;25365
10;28.10.2020 0:00:00;2;610000;25379
11;28.10.2020 0:00:00;2;610000;25375
12;28.10.2020 0:00:00;2;610000;25799
13;28.10.2020 0:00:00;2;610000;26087
14;28.10.2020 0:00:00;2;610000;26150
15;28.10.2020 0:00:00;2;610000;25601
16;28.10.2020 0:00:00;2;610000;25456
17;28.10.2020 0:00:00;2;610000;25052
18;28.10.2020 0:00:00;2;610000;24141
19;28.10.2020 0:00:00;2;610000;23524
20;28.10.2020 0:00:00;2;610000;23072
21;28.10.2020 0:00:00;2;610000;22880
22;28.10.2020 0:00:00;2;610000;22729
23;28.10.2020 0:00:00;2;610000;22765
0;29.10.2020 0:00:00;2;610000;22901
1;29.10.2020 0:00:00;2;610000;23498
2;29.10.2020 0:00:00;2;610000;24187
3;29.10.2020 0:00:00;2;610000;24796
4;29.10.2020 0:00:00;2;610000;25542
5;29.10.2020 0:00:00;2;610000;25935
6;29.10.2020 0:00:00;2;610000;25865
7;29.10.2020 0:00:00;2;610000;25789
8;29.10.2020 0:00:00;2;610000;25812
9;29.10.2020 0:00:00;2;610000;25596
10;29.10.2020 0:00:00;2;610000;25691
11;29.10.2020 0:00:00;2;610000;25489
12;29.10.2020 0:00:00;2;610000;26156
13;29.10.2020 0:00:00;2;610000;26260
14;29.10.2020 0:00:00;2;610000;26313
15;29.10.2020 0:00:00;2;610000;25799
16;29.10.2020 0:00:00;2;610000;25688
17;29.10.2020 0:00:00;2;610000;25069
18;29.10.2020 0:00:00;2;610000;24478
19;29.10.2020 0:00:00;2;610000;23724
20;29.10.2020 0:00:00;2;610000;23242
21;29.10.2020 0:00:00;2;610000;23159
22;29.10.2020 0:00:00;2;610000;22915
23;29.10.2020 0:00:00;2;610000;22812
0;30.10.2020 0:00:00;2;610000;23023
1;30.10.2020 0:00:00;2;610000;23611
2;30.10.2020 0:00:00;2;610000;24289
3;30.10.2020 0:00:00;2;610000;25041
4;30.10.2020 0:00:00;2;610000;25769
5;30.10.2020 0:00:00;2;610000;26104
6;30.10.2020 0:00:00;2;610000;25984
7;30.10.2020 0:00:00;2;610000;25886
8;30.10.2020 0:00:00;2;610000;25813
9;30.10.2020 0:00:00;2;610000;25830
10;30.10.2020 0:00:00;2;610000;25795
11;30.10.2020 0:00:00;2;610000;25809
12;30.10.2020 0:00:00;2;610000;25845
13;30.10.2020 0:00:00;2;610000;26555
14;30.10.2020 0:00:00;2;610000;26136
15;30.10.2020 0:00:00;2;610000;25791
16;30.10.2020 0:00:00;2;610000;25449
17;30.10.2020 0:00:00;2;610000;25064
18;30.10.2020 0:00:00;2;610000;24607
19;30.10.2020 0:00:00;2;610000;23792
20;30.10.2020 0:00:00;2;610000;23263
21;30.10.2020 0:00:00;2;610000;23102
22;30.10.2020 0:00:00;2;610000;23209
23;30.10.2020 0:00:00;2;610000;23051
0;31.10.2020 0:00:00;2;610000;23066
1;31.10.2020 0:00:00;2;610000;23458
2;31.10.2020 0:00:00;2;610000;23865
3;31.10.2020 0:00:00;2;610000;24145
4;31.10.2020 0:00:00;2;610000;24878
5;31.10.2020 0:00:00;2;610000;25454
6;31.10.2020 0:00:00;2;610000;25489
7;31.10.2020 0:00:00;2;610000;25515
8;31.10.2020 0:00:00;2;610000;25403
9;31.10.2020 0:00:00;2;610000;25443
10;31.10.2020 0:00:00;2;610000;25373
11;31.10.2020 0:00:00;2;610000;25628
12;31.10.2020 0:00:00;2;610000;25942
13;31.10.2020 0:00:00;2;610000;26163
14;31.10.2020 0:00:00;2;610000;26075
15;31.10.2020 0:00:00;2;610000;25674
16;31.10.2020 0:00:00;2;610000;25575
17;31.10.2020 0:00:00;2;610000;25060
18;31.10.2020 0:00:00;2;610000;24540
19;31.10.2020 0:00:00;2;610000;23763
20;31.10.2020 0:00:00;2;610000;23312
21;31.10.2020 0:00:00;2;610000;23022
22;31.10.2020 0:00:00;2;610000;22946
23;31.10.2020 0:00:00;2;610000;22812
0;01.11.2020 0:00:00;2;610000;22745
1;01.11.2020 0:00:00;2;610000;23047
2;01.11.2020 0:00:00;2;610000;23339
3;01.11.2020 0:00:00;2;610000;23984
4;01.11.2020 0:00:00;2;610000;24714
5;01.11.2020 0:00:00;2;610000;25420
6;01.11.2020 0:00:00;2;610000;25567
7;01.11.2020 0:00:00;2;610000;25469
8;01.11.2020 0:00:00;2;610000;25474
9;01.11.2020 0:00:00;2;610000;25426
10;01.11.2020 0:00:00;2;610000;25351
11;01.11.2020 0:00:00;2;610000;25443
12;01.11.2020 0:00:00;2;610000;25648
13;01.11.2020 0:00:00;2;610000;26276
14;01.11.2020 0:00:00;2;610000;26179
15;01.11.2020 0:00:00;2;610000;25758
16;01.11.2020 0:00:00;2;610000;25549
17;01.11.2020 0:00:00;2;610000;25065
18;01.11.2020 0:00:00;2;610000;24507
19;01.11.2020 0:00:00;2;610000;23707
20;01.11.2020 0:00:00;2;610000;23389
21;01.11.2020 0:00:00;2;610000;23166
22;01.11.2020 0:00:00;2;610000;22767
23;01.11.2020 0:00:00;2;610000;22860
0;02.11.2020 0:00:00;2;610000;23072
1;02.11.2020 0:00:00;2;610000;23713
2;02.11.2020 0:00:00;2;610000;24577
3;02.11.2020 0:00:00;2;610000;25149
4;02.11.2020 0:00:00;2;610000;25835
5;02.11.2020 0:00:00;2;610000;26084
6;02.11.2020 0:00:00;2;610000;25962
7;02.11.2020 0:00:00;2;610000;25891
8;02.11.2020 0:00:00;2;610000;25838
9;02.11.2020 0:00:00;2;610000;25772
10;02.11.2020 0:00:00;2;610000;25725
11;02.11.2020 0:00:00;2;610000;25899
12;02.11.2020 0:00:00;2;610000;26064
13;02.11.2020 0:00:00;2;610000;26497
14;02.11.2020 0:00:00;2;610000;26261
15;02.11.2020 0:00:00;2;610000;25799
16;02.11.2020 0:00:00;2;610000;25591
17;02.11.2020 0:00:00;2;610000;25094
18;02.11.2020 0:00:00;2;610000;24365
19;02.11.2020 0:00:00;2;610000;23712
20;02.11.2020 0:00:00;2;610000;23160
21;02.11.2020 0:00:00;2;610000;23126
22;02.11.2020 0:00:00;2;610000;22862
23;02.11.2020 0:00:00;2;610000;23152
0;03.11.2020 0:00:00;2;610000;23292
1;03.11.2020 0:00:00;2;610000;23667
2;03.11.2020 0:00:00;2;610000;24367
3;03.11.2020 0:00:00;2;610000;25034
4;03.11.2020 0:00:00;2;610000;25472
5;03.11.2020 0:00:00;2;610000;25814
6;03.11.2020 0:00:00;2;610000;25830
7;03.11.2020 0:00:00;2;610000;25433
8;03.11.2020 0:00:00;2;610000;25420
9;03.11.2020 0:00:00;2;610000;25761
10;03.11.2020 0:00:00;2;610000;25644
11;03.11.2020 0:00:00;2;610000;25861
12;03.11.2020 0:00:00;2;610000;25913
13;03.11.2020 0:00:00;2;610000;26308
14;03.11.2020 0:00:00;2;610000;26234
15;03.11.2020 0:00:00;2;610000;25553
16;03.11.2020 0:00:00;2;610000;25489
17;03.11.2020 0:00:00;2;610000;25078
18;03.11.2020 0:00:00;2;610000;24533
19;03.11.2020 0:00:00;2;610000;23860
20;03.11.2020 0:00:00;2;610000;23381
21;03.11.2020 0:00:00;2;610000;23255
22;03.11.2020 0:00:00;2;610000;23058
23;03.11.2020 0:00:00;2;610000;23153
0;04.11.2020 0:00:00;2;610000;23203
1;04.11.2020 0:00:00;2;610000;23415
2;04.11.2020 0:00:00;2;610000;23972
3;04.11.2020 0:00:00;2;610000;24344
4;04.11.2020 0:00:00;2;610000;25045
5;04.11.2020 0:00:00;2;610000;25767
6;04.11.2020 0:00:00;2;610000;25918
7;04.11.2020 0:00:00;2;610000;25782
8;04.11.2020 0:00:00;2;610000;25921
9;04.11.2020 0:00:00;2;610000;25592
10;04.11.2020 0:00:00;2;610000;25468
11;04.11.2020 0:00:00;2;610000;25845
12;04.11.2020 0:00:00;2;610000;26092
13;04.11.2020 0:00:00;2;610000;26563
14;04.11.2020 0:00:00;2;610000;26434
15;04.11.2020 0:00:00;2;610000;26099
16;04.11.2020 0:00:00;2;610000;25846
17;04.11.2020 0:00:00;2;610000;25179
18;04.11.2020 0:00:00;2;610000;24431
19;04.11.2020 0:00:00;2;610000;23807
20;04.11.2020 0:00:00;2;610000;23507
21;04.11.2020 0:00:00;2;610000;23101
22;04.11.2020 0:00:00;2;610000;22933
23;04.11.2020 0:00:00;2;610000;23127
0;05.11.2020 0:00:00;2;610000;23102
1;05.11.2020 0:00:00;2;610000;23674
2;05.11.2020 0:00:00;2;610000;24362
3;05.11.2020 0:00:00;2;610000;24983
4;05.11.2020 0:00:00;2;610000;25804
5;05.11.2020 0:00:00;2;610000;26083
6;05.11.2020 0:00:00;2;610000;26048
7;05.11.2020 0:00:00;2;610000;25927
8;05.11.2020 0:00:00;2;610000;25816
9;05.11.2020 0:00:00;2;610000;25849
10;05.11.2020 0:00:00;2;610000;25768
11;05.11.2020 0:00:00;2;610000;25977
12;05.11.2020 0:00:00;2;610000;26341
13;05.11.2020 0:00:00;2;610000;26579
14;05.11.2020 0:00:00;2;610000;26603
15;05.11.2020 0:00:00;2;610000;26154
16;05.11.2020 0:00:00;2;610000;25860
17;05.11.2020 0:00:00;2;610000;25377
18;05.11.2020 0:00:00;2;610000;24645
19;05.11.2020 0:00:00;2;610000;23864
20;05.11.2020 0:00:00;2;610000;23638
21;05.11.2020 0:00:00;2;610000;23369
22;05.11.2020 0:00:00;2;610000;23093
23;05.11.2020 0:00:00;2;610000;23045
0;06.11.2020 0:00:00;2;610000;23048
1;06.11.2020 0:00:00;2;610000;23740
2;06.11.2020 0:00:00;2;610000;24581
3;06.11.2020 0:00:00;2;610000;24936
4;06.11.2020 0:00:00;2;610000;25664
5;06.11.2020 0:00:00;2;610000;25878
6;06.11.2020 0:00:00;2;610000;26069
7;06.11.2020 0:00:00;2;610000;25891
8;06.11.2020 0:00:00;2;610000;25803
9;06.11.2020 0:00:00;2;610000;25863
10;06.11.2020 0:00:00;2;610000;25650
11;06.11.2020 0:00:00;2;610000;25884
12;06.11.2020 0:00:00;2;610000;26012
13;06.11.2020 0:00:00;2;610000;26367
14;06.11.2020 0:00:00;2;610000;26330
15;06.11.2020 0:00:00;2;610000;25790
16;06.11.2020 0:00:00;2;610000;25581
17;06.11.2020 0:00:00;2;610000;25304
18;06.11.2020 0:00:00;2;610000;24593
19;06.11.2020 0:00:00;2;610000;23803
20;06.11.2020 0:00:00;2;610000;23506
21;06.11.2020 0:00:00;2;610000;23350
22;06.11.2020 0:00:00;2;610000;23276
23;06.11.2020 0:00:00;2;610000;23055
0;07.11.2020 0:00:00;2;610000;23114
1;07.11.2020 0:00:00;2;610000;23167
2;07.11.2020 0:00:00;2;610000;23678
3;07.11.2020 0:00:00;2;610000;24263
4;07.11.2020 0:00:00;2;610000;25193
5;07.11.2020 0:00:00;2;610000;25758
6;07.11.2020 0:00:00;2;610000;25946
7;07.11.2020 0:00:00;2;610000;25801
8;07.11.2020 0:00:00;2;610000;25721
9;07.11.2020 0:00:00;2;610000;25580
10;07.11.2020 0:00:00;2;610000;25661
11;07.11.2020 0:00:00;2;610000;25758
12;07.11.2020 0:00:00;2;610000;26065
13;07.11.2020 0:00:00;2;610000;26307
14;07.11.2020 0:00:00;2;610000;26355
15;07.11.2020 0:00:00;2;610000;25925
16;07.11.2020 0:00:00;2;610000;25659
17;07.11.2020 0:00:00;2;610000;25239
18;07.11.2020 0:00:00;2;610000;24491
19;07.11.2020 0:00:00;2;610000;23819
20;07.11.2020 0:00:00;2;610000;23485
21;07.11.2020 0:00:00;2;610000;23297
22;07.11.2020 0:00:00;2;610000;23139
23;07.11.2020 0:00:00;2;610000;22880
0;08.11.2020 0:00:00;2;610000;22950
1;08.11.2020 0:00:00;2;610000;23113
2;08.11.2020 0:00:00;2;610000;23445
3;08.11.2020 0:00:00;2;610000;23774
4;08.11.2020 0:00:00;2;610000;24529
5;08.11.2020 0:00:00;2;610000;25236
6;08.11.2020 0:00:00;2;610000;25471
7;08.11.2020 0:00:00;2;610000;25333
8;08.11.2020 0:00:00;2;610000;25357
9;08.11.2020 0:00:00;2;610000;25396
10;08.11.2020 0:00:00;2;610000;25172
11;08.11.2020 0:00:00;2;610000;25417
12;08.11.2020 0:00:00;2;610000;25676
13;08.11.2020 0:00:00;2;610000;26139
14;08.11.2020 0:00:00;2;610000;25989
15;08.11.2020 0:00:00;2;610000;25787
16;08.11.2020 0:00:00;2;610000;25329
17;08.11.2020 0:00:00;2;610000;24763
18;08.11.2020 0:00:00;2;610000;24200
19;08.11.2020 0:00:00;2;610000;23590
20;08.11.2020 0:00:00;2;610000;23095
21;08.11.2020 0:00:00;2;610000;22835
22;08.11.2020 0:00:00;2;610000;22713
23;08.11.2020 0:00:00;2;610000;22592
0;09.11.2020 0:00:00;2;610000;22813
1;09.11.2020 0:00:00;2;610000;23302
2;09.11.2020 0:00:00;2;610000;24278
3;09.11.2020 0:00:00;2;610000;24795
4;09.11.2020 0:00:00;2;610000;25294
5;09.11.2020 0:00:00;2;610000;25825
6;09.11.2020 0:00:00;2;610000;25621
7;09.11.2020 0:00:00;2;610000;25563
8;09.11.2020 0:00:00;2;610000;25566
9;09.11.2020 0:00:00;2;610000;25629
10;09.11.2020 0:00:00;2;610000;25573
11;09.11.2020 0:00:00;2;610000;25763
12;09.11.2020 0:00:00;2;610000;25867
13;09.11.2020 0:00:00;2;610000;26337
14;09.11.2020 0:00:00;2;610000;26062
15;09.11.2020 0:00:00;2;610000;25756
16;09.11.2020 0:00:00;2;610000;25353
17;09.11.2020 0:00:00;2;610000;24966
18;09.11.2020 0:00:00;2;610000;24092
19;09.11.2020 0:00:00;2;610000;23659
20;09.11.2020 0:00:00;2;610000;23166
21;09.11.2020 0:00:00;2;610000;22973
22;09.11.2020 0:00:00;2;610000;22987
23;09.11.2020 0:00:00;2;610000;22868
0;10.11.2020 0:00:00;2;610000;23019
1;10.11.2020 0:00:00;2;610000;23511
2;10.11.2020 0:00:00;2;610000;24332
3;10.11.2020 0:00:00;2;610000;24908
4;10.11.2020 0:00:00;2;610000;25634
5;10.11.2020 0:00:00;2;610000;26042
6;10.11.2020 0:00:00;2;610000;25864
7;10.11.2020 0:00:00;2;610000;25602
8;10.11.2020 0:00:00;2;610000;25856
9;10.11.2020 0:00:00;2;610000;25641
10;10.11.2020 0:00:00;2;610000;25534
11;10.11.2020 0:00:00;2;610000;25661
12;10.11.2020 0:00:00;2;610000;26084
13;10.11.2020 0:00:00;2;610000;26270
14;10.11.2020 0:00:00;2;610000;26261
15;10.11.2020 0:00:00;2;610000;25620
16;10.11.2020 0:00:00;2;610000;25531
17;10.11.2020 0:00:00;2;610000;25030
18;10.11.2020 0:00:00;2;610000;24332
19;10.11.2020 0:00:00;2;610000;23803
20;10.11.2020 0:00:00;2;610000;23250
21;10.11.2020 0:00:00;2;610000;23080
22;10.11.2020 0:00:00;2;610000;22913
23;10.11.2020 0:00:00;2;610000;23067
0;11.11.2020 0:00:00;2;610000;22966
1;11.11.2020 0:00:00;2;610000;23543
2;11.11.2020 0:00:00;2;610000;24320
3;11.11.2020 0:00:00;2;610000;25081
4;11.11.2020 0:00:00;2;610000;25608
5;11.11.2020 0:00:00;2;610000;25999
6;11.11.2020 0:00:00;2;610000;26024
7;11.11.2020 0:00:00;2;610000;25802
8;11.11.2020 0:00:00;2;610000;25868
9;11.11.2020 0:00:00;2;610000;25841
10;11.11.2020 0:00:00;2;610000;25820
11;11.11.2020 0:00:00;2;610000;25890
12;11.11.2020 0:00:00;2;610000;26348
13;11.11.2020 0:00:00;2;610000;26593
14;11.11.2020 0:00:00;2;610000;26329
15;11.11.2020 0:00:00;2;610000;25978
16;11.11.2020 0:00:00;2;610000;25820
17;11.11.2020 0:00:00;2;610000;25280
18;11.11.2020 0:00:00;2;610000;24558
19;11.11.2020 0:00:00;2;610000;23764
20;11.11.2020 0:00:00;2;610000;23583
21;11.11.2020 0:00:00;2;610000;23271
22;11.11.2020 0:00:00;2;610000;23219
23;11.11.2020 0:00:00;2;610000;23161
0;12.11.2020 0:00:00;2;610000;23300
1;12.11.2020 0:00:00;2;610000;23834
2;12.11.2020 0:00:00;2;610000;24535
3;12.11.2020 0:00:00;2;610000;25093
4;12.11.2020 0:00:00;2;610000;25759
5;12.11.2020 0:00:00;2;610000;26022
6;12.11.2020 0:00:00;2;610000;25874
7;12.11.2020 0:00:00;2;610000;25792
8;12.11.2020 0:00:00;2;610000;25868
9;12.11.2020 0:00:00;2;610000;25907
10;12.11.2020 0:00:00;2;610000;25710
11;12.11.2020 0:00:00;2;610000;25837
12;12.11.2020 0:00:00;2;610000;26143
13;12.11.2020 0:00:00;2;610000;26680
14;12.11.2020 0:00:00;2;610000;26668
15;12.11.2020 0:00:00;2;610000;26188
16;12.11.2020 0:00:00;2;610000;25896
17;12.11.2020 0:00:00;2;610000;25451
18;12.11.2020 0:00:00;2;610000;24809
19;12.11.2020 0:00:00;2;610000;24017
20;12.11.2020 0:00:00;2;610000;23565
21;12.11.2020 0:00:00;2;610000;23377
22;12.11.2020 0:00:00;2;610000;23088
23;12.11.2020 0:00:00;2;610000;23127
0;13.11.2020 0:00:00;2;610000;23293
1;13.11.2020 0:00:00;2;610000;23946
2;13.11.2020 0:00:00;2;610000;24954
3;13.11.2020 0:00:00;2;610000;25280
4;13.11.2020 0:00:00;2;610000;25961
5;13.11.2020 0:00:00;2;610000;26311
6;13.11.2020 0:00:00;2;610000;26211
7;13.11.2020 0:00:00;2;610000;25846
8;13.11.2020 0:00:00;2;610000;26149
9;13.11.2020 0:00:00;2;610000;25990
10;13.11.2020 0:00:00;2;610000;25863
11;13.11.2020 0:00:00;2;610000;25835
12;13.11.2020 0:00:00;2;610000;26121
13;13.11.2020 0:00:00;2;610000;26529
14;13.11.2020 0:00:00;2;610000;26430
15;13.11.2020 0:00:00;2;610000;25818
16;13.11.2020 0:00:00;2;610000;25769
17;13.11.2020 0:00:00;2;610000;25345
18;13.11.2020 0:00:00;2;610000;24835
19;13.11.2020 0:00:00;2;610000;24374
20;13.11.2020 0:00:00;2;610000;23716
21;13.11.2020 0:00:00;2;610000;23672
22;13.11.2020 0:00:00;2;610000;23448
23;13.11.2020 0:00:00;2;610000;23245
0;14.11.2020 0:00:00;2;610000;23539
1;14.11.2020 0:00:00;2;610000;23694
2;14.11.2020 0:00:00;2;610000;24055
3;14.11.2020 0:00:00;2;610000;24458
4;14.11.2020 0:00:00;2;610000;25449
5;14.11.2020 0:00:00;2;610000;25864
6;14.11.2020 0:00:00;2;610000;25792
7;14.11.2020 0:00:00;2;610000;25757
8;14.11.2020 0:00:00;2;610000;25875
9;14.11.2020 0:00:00;2;610000;25492
10;14.11.2020 0:00:00;2;610000;25692
11;14.11.2020 0:00:00;2;610000;25777
12;14.11.2020 0:00:00;2;610000;26165
13;14.11.2020 0:00:00;2;610000;26710
14;14.11.2020 0:00:00;2;610000;26654
15;14.11.2020 0:00:00;2;610000;26100
16;14.11.2020 0:00:00;2;610000;25786
17;14.11.2020 0:00:00;2;610000;25335
18;14.11.2020 0:00:00;2;610000;24991
19;14.11.2020 0:00:00;2;610000;24236
20;14.11.2020 0:00:00;2;610000;23810
21;14.11.2020 0:00:00;2;610000;23536
22;14.11.2020 0:00:00;2;610000;23591
23;14.11.2020 0:00:00;2;610000;23410
0;15.11.2020 0:00:00;2;610000;23456
1;15.11.2020 0:00:00;2;610000;23582
2;15.11.2020 0:00:00;2;610000;24173
3;15.11.2020 0:00:00;2;610000;24530
4;15.11.2020 0:00:00;2;610000;25298
5;15.11.2020 0:00:00;2;610000;25956
6;15.11.2020 0:00:00;2;610000;26047
7;15.11.2020 0:00:00;2;610000;26159
8;15.11.2020 0:00:00;2;610000;25915
9;15.11.2020 0:00:00;2;610000;25782
10;15.11.2020 0:00:00;2;610000;25534
11;15.11.2020 0:00:00;2;610000;25947
12;15.11.2020 0:00:00;2;610000;26233
13;15.11.2020 0:00:00;2;610000;26707
14;15.11.2020 0:00:00;2;610000;26727
15;15.11.2020 0:00:00;2;610000;26349
16;15.11.2020 0:00:00;2;610000;26140
17;15.11.2020 0:00:00;2;610000;25642
18;15.11.2020 0:00:00;2;610000;25084
19;15.11.2020 0:00:00;2;610000;24343
20;15.11.2020 0:00:00;2;610000;23835
21;15.11.2020 0:00:00;2;610000;23612
22;15.11.2020 0:00:00;2;610000;23543
23;15.11.2020 0:00:00;2;610000;23494
0;16.11.2020 0:00:00;2;610000;23964
1;16.11.2020 0:00:00;2;610000;24654
2;16.11.2020 0:00:00;2;610000;25530
3;16.11.2020 0:00:00;2;610000;26010
4;16.11.2020 0:00:00;2;610000;26722
5;16.11.2020 0:00:00;2;610000;27263
6;16.11.2020 0:00:00;2;610000;27008
7;16.11.2020 0:00:00;2;610000;26676
8;16.11.2020 0:00:00;2;610000;26562
9;16.11.2020 0:00:00;2;610000;26751
10;16.11.2020 0:00:00;2;610000;26376
11;16.11.2020 0:00:00;2;610000;26583
12;16.11.2020 0:00:00;2;610000;26834
13;16.11.2020 0:00:00;2;610000;27157
14;16.11.2020 0:00:00;2;610000;27082
15;16.11.2020 0:00:00;2;610000;26667
16;16.11.2020 0:00:00;2;610000;26618
17;16.11.2020 0:00:00;2;610000;26080
18;16.11.2020 0:00:00;2;610000;25482
19;16.11.2020 0:00:00;2;610000;24686
20;16.11.2020 0:00:00;2;610000;24376
21;16.11.2020 0:00:00;2;610000;24220
22;16.11.2020 0:00:00;2;610000;24326
23;16.11.2020 0:00:00;2;610000;24058
0;17.11.2020 0:00:00;2;610000;24350
1;17.11.2020 0:00:00;2;610000;24986
2;17.11.2020 0:00:00;2;610000;25923
3;17.11.2020 0:00:00;2;610000;26638
4;17.11.2020 0:00:00;2;610000;27315
5;17.11.2020 0:00:00;2;610000;27541
6;17.11.2020 0:00:00;2;610000;27270
7;17.11.2020 0:00:00;2;610000;26918
8;17.11.2020 0:00:00;2;610000;26733
9;17.11.2020 0:00:00;2;610000;26585
10;17.11.2020 0:00:00;2;610000;26604
11;17.11.2020 0:00:00;2;610000;26739
12;17.11.2020 0:00:00;2;610000;26926
13;17.11.2020 0:00:00;2;610000;27598
14;17.11.2020 0:00:00;2;610000;27518
15;17.11.2020 0:00:00;2;610000;26980
16;17.11.2020 0:00:00;2;610000;26937
17;17.11.2020 0:00:00;2;610000;26376
18;17.11.2020 0:00:00;2;610000;25706
19;17.11.2020 0:00:00;2;610000;24919
20;17.11.2020 0:00:00;2;610000;24448
21;17.11.2020 0:00:00;2;610000;24289
22;17.11.2020 0:00:00;2;610000;24138
23;17.11.2020 0:00:00;2;610000;24089
0;18.11.2020 0:00:00;2;610000;24450
1;18.11.2020 0:00:00;2;610000;24916
2;18.11.2020 0:00:00;2;610000;25800
3;18.11.2020 0:00:00;2;610000;26546
4;18.11.2020 0:00:00;2;610000;27288
5;18.11.2020 0:00:00;2;610000;27484
6;18.11.2020 0:00:00;2;610000;27443
7;18.11.2020 0:00:00;2;610000;27356
8;18.11.2020 0:00:00;2;610000;27378
9;18.11.2020 0:00:00;2;610000;27237
10;18.11.2020 0:00:00;2;610000;27006
11;18.11.2020 0:00:00;2;610000;27155
12;18.11.2020 0:00:00;2;610000;27377
13;18.11.2020 0:00:00;2;610000;27716
14;18.11.2020 0:00:00;2;610000;27565
15;18.11.2020 0:00:00;2;610000;27064
16;18.11.2020 0:00:00;2;610000;26919
17;18.11.2020 0:00:00;2;610000;26413
18;18.11.2020 0:00:00;2;610000;25734
19;18.11.2020 0:00:00;2;610000;25110
20;18.11.2020 0:00:00;2;610000;24747
21;18.11.2020 0:00:00;2;610000;24460
22;18.11.2020 0:00:00;2;610000;24245
23;18.11.2020 0:00:00;2;610000;24156
0;19.11.2020 0:00:00;2;610000;24420
1;19.11.2020 0:00:00;2;610000;24940
2;19.11.2020 0:00:00;2;610000;26029
3;19.11.2020 0:00:00;2;610000;26783
4;19.11.2020 0:00:00;2;610000;27239
5;19.11.2020 0:00:00;2;610000;27440
6;19.11.2020 0:00:00;2;610000;27357
7;19.11.2020 0:00:00;2;610000;27233
8;19.11.2020 0:00:00;2;610000;27122
9;19.11.2020 0:00:00;2;610000;27295
10;19.11.2020 0:00:00;2;610000;27190
11;19.11.2020 0:00:00;2;610000;27342
12;19.11.2020 0:00:00;2;610000;27546
13;19.11.2020 0:00:00;2;610000;27947
14;19.11.2020 0:00:00;2;610000;27713
15;19.11.2020 0:00:00;2;610000;27185
16;19.11.2020 0:00:00;2;610000;27051
17;19.11.2020 0:00:00;2;610000;26496
18;19.11.2020 0:00:00;2;610000;26080
19;19.11.2020 0:00:00;2;610000;25136
20;19.11.2020 0:00:00;2;610000;24824
21;19.11.2020 0:00:00;2;610000;24548
22;19.11.2020 0:00:00;2;610000;24218
23;19.11.2020 0:00:00;2;610000;24392
0;20.11.2020 0:00:00;2;610000;24557
1;20.11.2020 0:00:00;2;610000;25185
2;20.11.2020 0:00:00;2;610000;26225
3;20.11.2020 0:00:00;2;610000;26583
4;20.11.2020 0:00:00;2;610000;27379
5;20.11.2020 0:00:00;2;610000;27456
6;20.11.2020 0:00:00;2;610000;27513
7;20.11.2020 0:00:00;2;610000;27310
8;20.11.2020 0:00:00;2;610000;27210
9;20.11.2020 0:00:00;2;610000;27054
10;20.11.2020 0:00:00;2;610000;27109
11;20.11.2020 0:00:00;2;610000;27112
12;20.11.2020 0:00:00;2;610000;27274
13;20.11.2020 0:00:00;2;610000;27540
14;20.11.2020 0:00:00;2;610000;27512
15;20.11.2020 0:00:00;2;610000;27009
16;20.11.2020 0:00:00;2;610000;26624
17;20.11.2020 0:00:00;2;610000;26291
18;20.11.2020 0:00:00;2;610000;25732
19;20.11.2020 0:00:00;2;610000;25112
20;20.11.2020 0:00:00;2;610000;24567
21;20.11.2020 0:00:00;2;610000;24445
22;20.11.2020 0:00:00;2;610000;24301
23;20.11.2020 0:00:00;2;610000;24122
0;21.11.2020 0:00:00;2;610000;24056
1;21.11.2020 0:00:00;2;610000;24272
2;21.11.2020 0:00:00;2;610000;24861
3;21.11.2020 0:00:00;2;610000;25360
4;21.11.2020 0:00:00;2;610000;26213
5;21.11.2020 0:00:00;2;610000;26739
6;21.11.2020 0:00:00;2;610000;26931
7;21.11.2020 0:00:00;2;610000;26752
8;21.11.2020 0:00:00;2;610000;26511
9;21.11.2020 0:00:00;2;610000;26663
10;21.11.2020 0:00:00;2;610000;26591
11;21.11.2020 0:00:00;2;610000;26921
12;21.11.2020 0:00:00;2;610000;27041
13;21.11.2020 0:00:00;2;610000;27278
14;21.11.2020 0:00:00;2;610000;27067
15;21.11.2020 0:00:00;2;610000;26570
16;21.11.2020 0:00:00;2;610000;26442
17;21.11.2020 0:00:00;2;610000;25922
18;21.11.2020 0:00:00;2;610000;25376
19;21.11.2020 0:00:00;2;610000;24872
20;21.11.2020 0:00:00;2;610000;24282
21;21.11.2020 0:00:00;2;610000;24006
22;21.11.2020 0:00:00;2;610000;23906
23;21.11.2020 0:00:00;2;610000;23929
0;22.11.2020 0:00:00;2;610000;23851
1;22.11.2020 0:00:00;2;610000;24068
2;22.11.2020 0:00:00;2;610000;24564
3;22.11.2020 0:00:00;2;610000;24977
4;22.11.2020 0:00:00;2;610000;25711
5;22.11.2020 0:00:00;2;610000;26300
6;22.11.2020 0:00:00;2;610000;26601
7;22.11.2020 0:00:00;2;610000;26448
8;22.11.2020 0:00:00;2;610000;26400
9;22.11.2020 0:00:00;2;610000;26439
10;22.11.2020 0:00:00;2;610000;26436
11;22.11.2020 0:00:00;2;610000;26611
12;22.11.2020 0:00:00;2;610000;26921
13;22.11.2020 0:00:00;2;610000;27074
14;22.11.2020 0:00:00;2;610000;27083
15;22.11.2020 0:00:00;2;610000;26482
16;22.11.2020 0:00:00;2;610000;26324
17;22.11.2020 0:00:00;2;610000;25793
18;22.11.2020 0:00:00;2;610000;25116
19;22.11.2020 0:00:00;2;610000;24397
20;22.11.2020 0:00:00;2;610000;24171
21;22.11.2020 0:00:00;2;610000;23932
22;22.11.2020 0:00:00;2;610000;23742
23;22.11.2020 0:00:00;2;610000;23698
0;23.11.2020 0:00:00;2;610000;23756
1;23.11.2020 0:00:00;2;610000;24489
2;23.11.2020 0:00:00;2;610000;25395
3;23.11.2020 0:00:00;2;610000;25886
4;23.11.2020 0:00:00;2;610000;26670
5;23.11.2020 0:00:00;2;610000;26807
6;23.11.2020 0:00:00;2;610000;26959
7;23.11.2020 0:00:00;2;610000;26927
8;23.11.2020 0:00:00;2;610000;26864
9;23.11.2020 0:00:00;2;610000;26828
10;23.11.2020 0:00:00;2;610000;26746
11;23.11.2020 0:00:00;2;610000;26801
12;23.11.2020 0:00:00;2;610000;27190
13;23.11.2020 0:00:00;2;610000;27397
14;23.11.2020 0:00:00;2;610000;27258
15;23.11.2020 0:00:00;2;610000;26902
16;23.11.2020 0:00:00;2;610000;26736
17;23.11.2020 0:00:00;2;610000;26061
18;23.11.2020 0:00:00;2;610000;25297
19;23.11.2020 0:00:00;2;610000;24623
20;23.11.2020 0:00:00;2;610000;24370
21;23.11.2020 0:00:00;2;610000;24091
22;23.11.2020 0:00:00;2;610000;23873
23;23.11.2020 0:00:00;2;610000;23931
0;24.11.2020 0:00:00;2;610000;24153
1;24.11.2020 0:00:00;2;610000;24751
2;24.11.2020 0:00:00;2;610000;25549
3;24.11.2020 0:00:00;2;610000;26299
4;24.11.2020 0:00:00;2;610000;27193
5;24.11.2020 0:00:00;2;610000;27154
6;24.11.2020 0:00:00;2;610000;27092
7;24.11.2020 0:00:00;2;610000;26802
8;24.11.2020 0:00:00;2;610000;26687
9;24.11.2020 0:00:00;2;610000;26784
10;24.11.2020 0:00:00;2;610000;26727
11;24.11.2020 0:00:00;2;610000;26816
12;24.11.2020 0:00:00;2;610000;27019
13;24.11.2020 0:00:00;2;610000;27320
14;24.11.2020 0:00:00;2;610000;27302
15;24.11.2020 0:00:00;2;610000;26727
16;24.11.2020 0:00:00;2;610000;26637
17;24.11.2020 0:00:00;2;610000;26122
18;24.11.2020 0:00:00;2;610000;25478
19;24.11.2020 0:00:00;2;610000;24595
20;24.11.2020 0:00:00;2;610000;24195
21;24.11.2020 0:00:00;2;610000;24006
22;24.11.2020 0:00:00;2;610000;23886
23;24.11.2020 0:00:00;2;610000;23804
0;25.11.2020 0:00:00;2;610000;24157
1;25.11.2020 0:00:00;2;610000;24745
2;25.11.2020 0:00:00;2;610000;25818
3;25.11.2020 0:00:00;2;610000;26290
4;25.11.2020 0:00:00;2;610000;27140
5;25.11.2020 0:00:00;2;610000;27140
6;25.11.2020 0:00:00;2;610000;27345
7;25.11.2020 0:00:00;2;610000;27005
8;25.11.2020 0:00:00;2;610000;26889
9;25.11.2020 0:00:00;2;610000;26947
10;25.11.2020 0:00:00;2;610000;26820
11;25.11.2020 0:00:00;2;610000;26852
12;25.11.2020 0:00:00;2;610000;27037
13;25.11.2020 0:00:00;2;610000;27221
14;25.11.2020 0:00:00;2;610000;27241
15;25.11.2020 0:00:00;2;610000;27183
16;25.11.2020 0:00:00;2;610000;26751
17;25.11.2020 0:00:00;2;610000;26255
18;25.11.2020 0:00:00;2;610000;25687
19;25.11.2020 0:00:00;2;610000;24767
20;25.11.2020 0:00:00;2;610000;24494
21;25.11.2020 0:00:00;2;610000;24408
22;25.11.2020 0:00:00;2;610000;24011
23;25.11.2020 0:00:00;2;610000;24294
0;26.11.2020 0:00:00;2;610000;24569
1;26.11.2020 0:00:00;2;610000;25176
2;26.11.2020 0:00:00;2;610000;26138
3;26.11.2020 0:00:00;2;610000;26769
4;26.11.2020 0:00:00;2;610000;27447
5;26.11.2020 0:00:00;2;610000;27800
6;26.11.2020 0:00:00;2;610000;27586
7;26.11.2020 0:00:00;2;610000;27314
8;26.11.2020 0:00:00;2;610000;27307
9;26.11.2020 0:00:00;2;610000;27114
10;26.11.2020 0:00:00;2;610000;27100
11;26.11.2020 0:00:00;2;610000;27122
12;26.11.2020 0:00:00;2;610000;27613
13;26.11.2020 0:00:00;2;610000;27997
14;26.11.2020 0:00:00;2;610000;27769
15;26.11.2020 0:00:00;2;610000;27418
16;26.11.2020 0:00:00;2;610000;27052
17;26.11.2020 0:00:00;2;610000;26723
18;26.11.2020 0:00:00;2;610000;25908
19;26.11.2020 0:00:00;2;610000;25242
20;26.11.2020 0:00:00;2;610000;24893
21;26.11.2020 0:00:00;2;610000;24733
22;26.11.2020 0:00:00;2;610000;24739
23;26.11.2020 0:00:00;2;610000;24685
0;27.11.2020 0:00:00;2;610000;24883
1;27.11.2020 0:00:00;2;610000;25569
2;27.11.2020 0:00:00;2;610000;26518
3;27.11.2020 0:00:00;2;610000;27376
4;27.11.2020 0:00:00;2;610000;28006
5;27.11.2020 0:00:00;2;610000;28199
6;27.11.2020 0:00:00;2;610000;27950
7;27.11.2020 0:00:00;2;610000;27747
8;27.11.2020 0:00:00;2;610000;27594
9;27.11.2020 0:00:00;2;610000;27351
10;27.11.2020 0:00:00;2;610000;27129
11;27.11.2020 0:00:00;2;610000;27301
12;27.11.2020 0:00:00;2;610000;27610
13;27.11.2020 0:00:00;2;610000;27854
14;27.11.2020 0:00:00;2;610000;27755
15;27.11.2020 0:00:00;2;610000;27393
16;27.11.2020 0:00:00;2;610000;27335
17;27.11.2020 0:00:00;2;610000;26946
18;27.11.2020 0:00:00;2;610000;26292
19;27.11.2020 0:00:00;2;610000;25654
20;27.11.2020 0:00:00;2;610000;25251
21;27.11.2020 0:00:00;2;610000;25100
22;27.11.2020 0:00:00;2;610000;25000
23;27.11.2020 0:00:00;2;610000;24942
0;28.11.2020 0:00:00;2;610000;25029
1;28.11.2020 0:00:00;2;610000;25433
2;28.11.2020 0:00:00;2;610000;25964
3;28.11.2020 0:00:00;2;610000;26553
4;28.11.2020 0:00:00;2;610000;27400
5;28.11.2020 0:00:00;2;610000;27986
6;28.11.2020 0:00:00;2;610000;28138
7;28.11.2020 0:00:00;2;610000;27899
8;28.11.2020 0:00:00;2;610000;27731
9;28.11.2020 0:00:00;2;610000;27517
10;28.11.2020 0:00:00;2;610000;27494
11;28.11.2020 0:00:00;2;610000;27639
12;28.11.2020 0:00:00;2;610000;27730
13;28.11.2020 0:00:00;2;610000;28225
14;28.11.2020 0:00:00;2;610000;27995
15;28.11.2020 0:00:00;2;610000;0
16;28.11.2020 0:00:00;2;610000;0
17;28.11.2020 0:00:00;2;610000;0
18;28.11.2020 0:00:00;2;610000;0
19;28.11.2020 0:00:00;2;610000;0
20;28.11.2020 0:00:00;2;610000;0
21;28.11.2020 0:00:00;2;610000;0
22;28.11.2020 0:00:00;2;610000;0
23;28.11.2020 0:00:00;2;610000;0
